no,name,releaseYear,maker,trivia,status
1,ETC,2001,,千葉・沖縄で先行開始。全国運用は同年11月,確定
2,QRコード,1994,デンソー（現・デンソーウェーブ）,デンソーが自動車部品の管理用に開発。特許を無料公開したことで世界中に広まった,確定
3,IH調理器,1974,三菱電機,三菱電機（商用周波数式）。同年8月に松下電器（高周波式）,確定
4,iPhone,2008,Apple,日本初上陸はiPhone 3G（初代iPhoneは日本未発売）,確定
5,アイロン,1915,芝浦製作所（現・東芝）,芝浦製作所（国産第1号）。輸入は1914年,確定
6,アイロンビーズ,1995,カワダ,カワダがアメリカ製パーラービーズを国内販売開始,確定
7,Apple Watch,2015,Apple,Apple,確定
8,飲料自動販売機,1962,コカ・コーラ,コカ・コーラ（清涼飲料水用として日本初）,確定
9,Wii,2006,任天堂,任天堂,確定
10,ウォシュレット,1980,東洋陶器（現・TOTO）,TOTO,確定
11,UNO,1979,トミー（現・タカラトミー）,トミー（現タカラトミー）が日本語版を発売,確定
12,うまい棒,1979,やおきん,やおきん,確定
13,LED電球,2007,,一般家庭用LED電球が電球市場に登場,確定
14,オセロ,1973,ツクダ（現・メガハウス）,ツクダから発売,確定
15,カセットコンロ,1969,岩谷産業,岩谷産業「イワタニホースノン・カセットフー」,確定
16,カッターナイフ,1959,日本転写紙（現・オルファ）,岡田良男が考案（1956年）、日本転写紙が商品化（1959年）,確定
17,カップラーメン,1971,日清食品,日清食品「カップヌードル」（世界初）,確定
18,家庭用プリンター,1990,キヤノン,キヤノンの家庭用インクジェットプリンター「BJ-10v」,確定
19,紙コップ,1930,東洋製罐,東洋製罐がアイスクリーム用紙コップの原形を開発（国産初）,確定
20,ガチャガチャ,1965,ペニイ商会,ペニイ商会がアメリカから輸入,確定
21,ガラケー,1985,NTT,NTT「ショルダーフォン」＝日本初の携帯電話,確定（携帯電話の起点として）
22,空気清浄機,1962,松下電器（現・パナソニック）,松下電器産業が国内初のフィルター式家庭用空気清浄機を発売,確定
23,クロックス,2005,クロックス・ジャパン,クロックス・ジャパンが日本市場に上陸,確定
24,黒ひげ危機一発,1975,タカラ（現・タカラトミー）,タカラ（現タカラトミー）,確定
25,蛍光灯,1951,松下電器（現・パナソニック）,松下電器「ナショナル蛍光灯」,確定
26,消しゴム,1959,シードゴム工業（現・シード）,シードゴム工業（現シード）が世界初のプラスチック消しゴムを発売,確定
27,けん玉,1919,,現在の形「日月ボール」が実用新案登録,確定
28,こたつ,1929,松下電器（現・パナソニック）,松下電器が電気こたつを発売,確定
29,シャーペン,1915,早川兄弟商会（現・シャープ）,早川徳次「早川式繰出鉛筆」（国産初）。輸入品は1870年代後半から,確定（国産初）
30,週刊少年ジャンプ,1968,集英社,創刊（当初は月2回刊）,確定
31,食洗機,1960,松下電器（現・パナソニック）,パナソニック（当時松下電器）MR-500,確定
32,シルバニアファミリー,1985,エポック社,エポック社,確定
33,ジェルネイル,2000,,南アフリカ発の「ジェル」素材が日本に上陸,確定（おおよそ）
34,ジェンガ,1988,タカラ（現・タカラトミー）,タカラ（本国イギリス発売は1983年）,確定
35,ジップロック,1991,ライオン,日本でZiplocブランドとして初めて発売（当初はライオンが販売）,確定
36,SUICA,2001,JR東日本,JR東日本,確定
37,Switch,2017,任天堂,Nintendo Switch,確定
38,スーパーファミコン,1990,任天堂,任天堂,確定
39,ストライダー,2009,ストライダージャパン,ストライダージャパンが販売開始,確定
40,セロハンテープ,1948,日絆薬品工業（現・ニチバン）,ニチバン「セロテープ」,確定
41,扇風機,1894,芝浦製作所（現・東芝）,芝浦製作所（国産第1号）。輸入は1893年,確定
42,掃除機,1931,芝浦製作所（現・東芝）,芝浦製作所「VC-A型」,確定
43,体温計,1983,テルモ,テルモが病院用予測式電子体温計を発売。家庭用は1984年2月,確定
44,たまごっち,1996,バンダイ,バンダイ,確定
45,ダイソンの掃除機,1986,ダイソン,「G-Force」が日本先行発売（日本法人設立は1998年）,確定
46,チャック,1927,日本開閉器工場,広島県尾道の日本開閉器工場が「チャック印」の財布で製造・販売開始（国産初）。輸入は1917年,確定
47,使い捨ての傘,1952,ホワイトローズ,ホワイトローズが世界に先駆けてビニール傘を開発,確定
48,テレビ(カラー),1960,東京芝浦電気（現・東芝）,東芝「D-WE」、本放送開始と同時,確定
49,テレビ(白黒),1953,早川電機工業（現・シャープ）,シャープ（当時早川電機工業）「TV3-14T」,確定
50,デジタルカメラ,1995,カシオ計算機,カシオ計算機「QV-10」（背面液晶を世界初搭載、コンシューマー機の先駆け）,確定
51,電気シェーバー,1955,松下電工（現・パナソニック）,松下電工「MS10」（国産初）,確定
52,電子レンジ,1961,国際電気,国際電気が業務用市販第1号を発売,確定
53,電動アシスト自転車,1993,ヤマハ発動機,ヤマハ発動機「PAS」（世界初）,確定
54,電話,1890,,東京-横浜間で電話交換業務開始,確定
55,トースター,1952,,ターンオーバー式が国内発売。ポップアップ式は1956年,確定
56,トミカ,1970,トミー（現・タカラトミー）,トミー,確定
57,トランプ,1902,任天堂,任天堂が国産初のトランプ製造に着手。輸入は明治初期～（時期不明瞭）,確定（国産初）
59,ニンテンドーDS,2004,任天堂,任天堂,確定
60,バンドエイド,1959,ジョンソン・エンド・ジョンソン,ジョンソン・エンド・ジョンソンが日本市場に紹介,確定
61,パソコン,1976,NEC（日本電気）,NEC「TK-80」（国内初期マイコン）。完成品パソコンはPC-8001（1979年）,確定（マイコン起点）
62,ファービー,1999,トミー（現・タカラトミー）,トミー（本国米国は1998年）,確定
63,ファミリーコンピューター,1983,任天堂,任天堂「ファミリーコンピュータ」,確定
64,ファンヒーター,1978,三菱電機,三菱電機が国産第1号の石油ファンヒーター「ダンファン」を発売,確定
65,プラレール,1959,トミー（現・タカラトミー）,トミー「プラスチック汽車・レールセット」,確定
66,ベイブレード,1999,タカラ（現・タカラトミー）,タカラ,確定
67,ホームベーカリー,1987,松下電器（現・パナソニック）,松下電器産業「SD-BT2」,確定
68,ホッチキス,1903,伊藤喜商店（現・イトーキ）,伊藤喜商店（現イトーキ）が輸入,確定
69,ボンド,1952,コニシ,コニシが合成接着剤「ボンド」第1号を発売,確定
70,ポカリスエット,1980,大塚製薬,大塚製薬,確定
72,ポケモンカード,1996,メディアファクトリー,第1弾拡張パック,確定
73,マイナンバーカード,2016,,交付開始,確定
74,魔法瓶,1907,,日本に初めて輸入。国産化は1912年（八木亭二郎）,確定（輸入初）
75,ミニ四駆,1982,田宮模型（現・タミヤ）,タミヤ,確定
76,ムヒ,1926,池田模範堂,池田模範堂（当初は缶入りワセリン軟膏）,確定
77,ヤクルト,1935,代田保護菌研究所（現・ヤクルト本社）,代田稔博士が福岡市で発売,確定
78,遊戯王カード,1999,コナミ,コナミ,確定
79,ラジオ,1925,,日本初のラジオ本放送（受信機もこの頃発売）,確定
80,クレラップ,1960,呉羽化学工業（現・クレハ）,呉羽化学工業（現クレハ）。日本最初の家庭用ラップ。同年、旭化成のサランラップがやや遅れて発売,確定
81,リカちゃん人形,1967,タカラ（現・タカラトミー）,タカラ,確定
82,冷蔵庫,1930,芝浦製作所（現・東芝）,芝浦製作所（国産第1号）。輸入品は1923年頃との説あり,確定（国産初）
83,エアコン,1935,芝浦製作所（現・東芝）,国産第1号「空気調整機」（業務用）。家庭用ウインド形は1953年（東芝）,確定
84,ゲームボーイ,1989,任天堂,任天堂,確定
85,コンビニ,1974,ヨークセブン（現・セブン-イレブン・ジャパン）,セブン-イレブン豊洲店（1号店）,現代サービス候補
86,ドライヤー,1937,松下電器（現・パナソニック）,松下電器「ホームドライヤー」,確定
87,プレイステーション,1994,ソニー・コンピュータエンタテインメント（現・ソニー・インタラクティブエンタテインメント）,ソニー・コンピュータエンタテインメント,確定
88,ボールペン,1948,セーラー万年筆,セーラー万年筆「セーラー・ボール・ポイント・ペン」（国産初）,確定（国産初）
89,ポストイット,1981,住友スリーエム（現・スリーエム ジャパン）,スリーエムが日本で発売開始（米国発売は1980年）,確定
90,ルービックキューブ,1980,ツクダオリジナル（現・メガハウス）,ツクダオリジナルが発売,確定
91,ルンバ,2004,セールス・オンデマンド,セールス・オンデマンドが日本で発売開始,確定
92,レゴ,1962,,日本での販売開始,確定
93,万年筆,1884,,丸善が輸入,確定（輸入初）
94,人生ゲーム,1968,タカラ（現・タカラトミー）,タカラ,確定
95,修正液,1952,,「リキッドペーパー」が丸善により日本に輸入,確定
96,修正テープ,1989,シード,シードが世界初の修正テープを発明・発売,確定
97,宅急便,1976,大和運輸（現・ヤマト運輸）,大和運輸（現ヤマト運輸）が発売,現代サービス候補
98,洗濯機,1922,,米国製「Gainaday」が初輸入。国産初は1930年（芝浦製作所）,確定（輸入初）
99,炊飯器,1955,東京芝浦電気（現・東芝）,東芝「ER-4」,確定
100,電卓,1964,早川電機工業（現・シャープ）,シャープ（当時早川電機工業）「CS-10A」,確定
101,電気ケトル,2001,ティファール,ティファールが日本で発売,確定
102,使い捨てカメラ,1986,富士写真フイルム（現・富士フイルム）,「写ルンです」の名前で発売。フィルムを使い切ったら、カメラごとお店に出して現像してもらう,確定
103,プリクラ,1995,アトラス,「プリント倶楽部」の名前でセガと共同開発。シールを交換するのが大ブームに,確定
104,消せるボールペン,2007,パイロット,「フリクション」の名前で発売。こすったときの熱でインクが透明になる。日本より先にヨーロッパで発売された,確定
